{"filename": "pyntcloud_plot", "camera_position": [196.55380249023438, 99.32939910888672, 111.48560333251953], "look_at": [2.1121461391448975, 9.72543716430664, -1.1080342531204224], "point_size": 0.3, "point_opacity": 0.9, "polylines_points": [], "polylines_colors": []}